insert into channel (id, name, slack_id)
values (1, '공지사항', 'ABC1234'),
       (2, '잡담', 'DEF5678');

insert into member (id, slack_id, thumbnail_url, username, first_login)
values (1, 'U03MC231', 'https://summer.png', '써머', false);

insert into channel_subscription(id, view_order, channel_id, member_id)
values (1, 1, 1, 1),
       (2, 2, 2, 1);

insert into message (id, modified_date, posted_date, text, member_id, channel_id, slack_message_id)
values (1, '2022-07-12 14:00:00', '2022-07-12 14:00:00', '일반 텍스트', 1, 1, 'M00001'),
       (2, '2022-07-12 15:00:00', '2022-07-12 15:00:00', '일반 텍스트', 1, 1, 'M00002'),
       (3, '2022-07-12 16:00:00', '2022-07-12 16:00:00', '일반 텍스트', 1, 1, 'M00003'),
       (4, '2022-07-12 17:00:00', '2022-07-12 17:00:00', '일반 텍스트', 1, 1, 'M00004'),
       (5, '2022-07-12 18:00:00', '2022-07-12 18:00:00', '일반 텍스트', 1, 1, 'M00005'),
       (6, '2022-07-14 14:00:00', '2022-07-14 14:00:00', '줍줍 텍스트', 1, 1, 'M00011'),
       (7, '2022-07-14 15:00:00', '2022-07-14 15:00:00', '줍줍 텍스트', 1, 1, 'M00012'),
       (8, '2022-07-14 16:00:00', '2022-07-14 16:00:00', '줍줍 텍스트', 1, 1, 'M00013'),
       (9, '2022-07-14 17:00:00', '2022-07-14 17:00:00', '줍줍 텍스트', 1, 1, 'M00014'),
       (10, '2022-07-14 18:00:00', '2022-07-14 18:00:00', '줍줍 텍스트', 1, 1, 'M00015'),
       (11, '2022-07-15 14:00:00', '2022-07-15 14:00:00', '일반 텍스트', 1, 1, 'M00016'),
       (12, '2022-07-15 15:00:00', '2022-07-15 15:00:00', '일반 텍스트', 1, 1, 'M00017'),
       (13, '2022-07-15 16:00:00', '2022-07-15 16:00:00', '일반 텍스트', 1, 1, 'M00018'),
       (14, '2022-07-15 17:00:00', '2022-07-15 17:00:00', '일반 텍스트', 1, 1, 'M00019'),
       (15, '2022-07-15 18:00:00', '2022-07-15 18:00:00', '일반 텍스트', 1, 1, 'M00020'),
       (16, '2022-07-16 14:00:00', '2022-07-16 14:00:00', '줍줍 텍스트', 1, 1, 'M00021'),
       (17, '2022-07-16 15:00:00', '2022-07-16 15:00:00', '줍줍 텍스트', 1, 1, 'M00022'),
       (18, '2022-07-16 16:00:00', '2022-07-16 16:00:00', '줍줍 텍스트', 1, 1, 'M00023'),
       (19, '2022-07-16 17:00:00', '2022-07-16 17:00:00', '줍줍 텍스트', 1, 1, 'M00024'),
       (20, '2022-07-16 18:00:00', '2022-07-16 18:00:00', '줍줍 텍스트', 1, 1, 'M00025'),
       (21, '2022-07-17 14:00:00', '2022-07-12 14:00:00', '', 1, 1, 'M00006'),
       (22, '2022-07-17 15:00:00', '2022-07-12 15:00:00', '', 1, 1, 'M00007'),
       (23, '2022-07-17 16:00:00', '2022-07-12 16:00:00', '', 1, 1, 'M00008'),
       (24, '2022-07-17 17:00:00', '2022-07-12 17:00:00', '', 1, 1, 'M00009'),
       (25, '2022-07-17 18:00:00', '2022-07-12 18:00:00', '', 1, 1, 'M00010'),

       (26, '2022-07-12 14:00:00', '2022-07-12 14:00:00', '일반 텍스트', 1, 2, 'M10001'),
       (27, '2022-07-12 15:00:00', '2022-07-12 15:00:00', '일반 텍스트', 1, 2, 'M10002'),
       (28, '2022-07-12 16:00:00', '2022-07-12 16:00:00', '일반 텍스트', 1, 2, 'M10003'),
       (29, '2022-07-12 17:00:00', '2022-07-12 17:00:00', '일반 텍스트', 1, 2, 'M10004'),
       (30, '2022-07-12 18:00:00', '2022-07-12 18:00:00', '일반 텍스트', 1, 2, 'M10005'),
       (31, '2022-07-13 14:00:00', '2022-07-12 14:00:00', '', 1, 2, 'M10006'),
       (32, '2022-07-13 15:00:00', '2022-07-12 15:00:00', '', 1, 2, 'M10007'),
       (33, '2022-07-13 16:00:00', '2022-07-12 16:00:00', '', 1, 2, 'M10008'),
       (34, '2022-07-13 17:00:00', '2022-07-12 17:00:00', '', 1, 2, 'M10009'),
       (35, '2022-07-13 18:00:00', '2022-07-12 18:00:00', '', 1, 2, 'M10010'),
       (36, '2022-07-14 14:00:00', '2022-07-14 14:00:00', '줍줍 텍스트', 1, 2, 'M10011'),
       (37, '2022-07-14 15:00:00', '2022-07-14 15:00:00', '줍줍 텍스트', 1, 2, 'M10012'),
       (38, '2022-07-14 16:00:00', '2022-07-14 16:00:00', '줍줍 텍스트', 1, 2, 'M10013'),
       (39, '2022-07-14 17:00:00', '2022-07-14 17:00:00', '줍줍 텍스트', 1, 2, 'M10014'),
       (40, '2022-07-14 18:00:00', '2022-07-14 18:00:00', '줍줍 텍스트', 1, 2, 'M10015'),
       (41, '2022-07-15 14:00:00', '2022-07-15 14:00:00', '일반 텍스트', 1, 2, 'M10016'),
       (42, '2022-07-15 15:00:00', '2022-07-15 15:00:00', '일반 텍스트', 1, 2, 'M10017'),
       (43, '2022-07-15 16:00:00', '2022-07-15 16:00:00', '일반 텍스트', 1, 2, 'M10018'),
       (44, '2022-07-15 17:00:00', '2022-07-15 17:00:00', '일반 텍스트', 1, 2, 'M10019'),
       (45, '2022-07-15 18:00:00', '2022-07-15 18:00:00', '일반 텍스트', 1, 2, 'M10020'),
       (46, '2022-07-16 14:00:00', '2022-07-16 14:00:00', '줍줍 텍스트', 1, 2, 'M10021'),
       (47, '2022-07-16 15:00:00', '2022-07-16 15:00:00', '줍줍 텍스트', 1, 2, 'M10022'),
       (48, '2022-07-16 16:00:00', '2022-07-16 16:00:00', '줍줍 텍스트', 1, 2, 'M10023'),
       (49, '2022-07-16 17:00:00', '2022-07-16 17:00:00', '줍줍 텍스트', 1, 2, 'M10024'),
       (50, '2022-07-16 18:00:00', '2022-07-16 18:00:00', '줍줍 텍스트', 1, 2, 'M10025');
